{
	"Metadata":
	{
		"Name": "Drop Dash +",
		"Author": "MegAmi",
		"Description": "Adds several customization options for the Drop Dash.",
		"URL": "https://gamebanana.com/mods/285752",
		"ModVersion": "1.6.8.0",
		"GameVersion": "20.07.18.0"
	},
	"Settings":
	{
		"List":
		[
			{
				"InternalName": "DropDashAnim",
				"DisplayName": "Animation",
				"Variable": "dropdashanim",
				"DefaultValue": "0",
				"Options":
				{
					"0": "3 A.I.R.",
					"1": "Mania-Style",
					"2": "NickyFan7",
					"3": "Origins",
					"4": "MegAmi"
				}
			},
			{
				"InternalName": "DropDashBehavior",
				"DisplayName": "Behavior",
				"Variable": "dropdashbehavior",
				"DefaultValue": "0",
				"Options":
				{
					"0": "3 A.I.R.",
					"1": "Mania"
				}
			},
			{
				"InternalName": "DropDashChargeSFX",
				"DisplayName": "Charge SFX",
				"Variable": "dropdashchargesfx",
				"DefaultValue": "0",
				"Options":
				{
					"0": "3 A.I.R.",
					"1": "CD",
					"2": "Mania",
					"3": "Forces"
				}
			},
			{
				"InternalName": "DropDashReleaseSFX",
				"DisplayName": "Release SFX",
				"Variable": "dropdashreleasesfx",
				"DefaultValue": "0",
				"Options":
				{
					"0": "3 A.I.R.",
					"1": "CD",
					"2": "Mania",
					"3": "Forces (Spindash Release)",
					"4": "Forces (None)"
				}
			},
			{
				"InternalName": "DropDashDust",
				"DisplayName": "Dust Cloud",
				"Variable": "dropdashdust",
				"DefaultValue": "1",
				"Options":
				{
					"0": "Off",
					"1": "Spindash",
					"2": "Mania (Genesis-Style)",
					"3": "Mania",
					"4": "Origins (Genesis-Style)",
					"5": "Origins"
				}
			},
			{
				"InternalName": "DropDashDelay",
				"DisplayName": "Camera Delay",
				"Variable": "dropdashdelay",
				"DefaultValue": "0",
				"Options":
				{
					"0": "On",
					"1": "Off"
				}
			},
			{
				"InternalName": "DropDashSuperShake",
				"DisplayName": "Super/Hyper Camera Shake",
				"Variable": "dropdashsupershake",
				"DefaultValue": "0",
				"Options":
				{
					"0": "On",
					"1": "Off"
				}
			}
		]
	}
}