{
	"dropdash_charge_mania": { "File": "dropdash_charge_mania.ogg", "Type": "Sound", "Channel": "AB" },
	"dropdash_charge_forces": { "File": "dropdash_charge_forces.ogg", "Type": "Sound", "Channel": "AB" },
	"dropdash_release_mania":{ "File": "dropdash_release_mania.ogg", "Type": "Sound", "Channel": "AB" },
	"dropdash_release_forces":{ "File": "dropdash_release_forces.ogg", "Type": "Sound", "Channel": "AB" },
	"dropdash_release_maniasuper":{ "File": "dropdash_release_maniasuper.ogg", "Type": "Sound", "Channel": "AB" },
}
