{
	"Metadata":
	{
		"Name": "Health Meter",
		"Author": "MegAmi",
		"Description": "Replaces the ring loss mechanic with a health point system.",
		"URL": "https://gamebanana.com/gamefiles/18287",
		"ModVersion": "1.6.0.0",
		"GameVersion": "20.07.18.0"
	},
	"Settings":
	{
		"List":
		[
			{
				"InternalName": "MaxHealth",
				"DisplayName": "Max Health Points",
				"Variable": "healthmeter.maxhealth",
				"DefaultValue": "3",
				"Options":
				{
					"1": "1",
					"2": "2",
					"3": "3",
					"4": "4",
					"5": "5",
					"6": "6",
					"7": "7",
					"8": "8",
					"9": "9",
					"10": "10"
				}
			},
			{
				"InternalName": "StartingHealth",
				"DisplayName": "Starting Health Points",
				"Variable": "healthmeter.startinghealth",
				"DefaultValue": "3",
				"Options":
				{
					"1": "1",
					"2": "2",
					"3": "3",
					"4": "4",
					"5": "5",
					"6": "6",
					"7": "7",
					"8": "8",
					"9": "9",
					"10": "10"
				}
			}
		]
	}
}
