{
	"sonic_dropdash_kame_0":  { "File": "character_sonic_dropdash_kame.bmp", "Rect": "1,1,30,30", "Center": "15,15" },
	"sonic_dropdash_kame_1":  { "File": "character_sonic_dropdash_kame.bmp", "Rect": "63,1,28,30", "Center": "14,15" },
	"sonic_dropdash_kame_2":  { "File": "character_sonic_dropdash_kame.bmp", "Rect": "32,1,30,30", "Center": "15,15" },
	"sonic_dropdash_kame_3":  { "File": "character_sonic_dropdash_kame.bmp", "Rect": "1,32,30,28", "Center": "15,14" },
	"sonic_dropdash_kame_4":  { "File": "character_sonic_dropdash_kame.bmp", "Rect": "1,1,30,30", "Center": "15,15" },
	"sonic_dropdash_kame_5":  { "File": "character_sonic_dropdash_kame.bmp", "Rect": "92,1,28,30", "Center": "14,15" },
	"sonic_dropdash_kame_6":  { "File": "character_sonic_dropdash_kame.bmp", "Rect": "32,1,30,30", "Center": "15,15" },
	"sonic_dropdash_kame_7":  { "File": "character_sonic_dropdash_kame.bmp", "Rect": "32,32,30,28", "Center": "15,14" },
	"sonic_dropdash_kame_8":  { "File": "character_sonic_dropdash_kame.bmp", "Rect": "1,1,30,30", "Center": "15,15" },
	"sonic_dropdash_kame_9":  { "File": "character_sonic_dropdash_kame.bmp", "Rect": "121,1,28,30", "Center": "14,15" },
	"sonic_dropdash_kame_10":  { "File": "character_sonic_dropdash_kame.bmp", "Rect": "32,1,30,30", "Center": "15,15" },
	"sonic_dropdash_kame_11":  { "File": "character_sonic_dropdash_kame.bmp", "Rect": "63,32,30,28", "Center": "15,14" },
	"sonic_dropdash_kame_12":  { "File": "character_sonic_dropdash_kame.bmp", "Rect": "1,1,30,30", "Center": "15,15" },
	"sonic_dropdash_kame_13":  { "File": "character_sonic_dropdash_kame.bmp", "Rect": "150,1,28,30", "Center": "14,15" },
	"sonic_dropdash_kame_14":  { "File": "character_sonic_dropdash_kame.bmp", "Rect": "32,1,30,30", "Center": "15,15" },
	"sonic_dropdash_kame_15":  { "File": "character_sonic_dropdash_kame.bmp", "Rect": "94,32,30,28", "Center": "15,14" }
}