{
	"sonic_dropdash_mania_0":  { "File": "character_sonic_dropdash_mania.bmp", "Rect": "1,1,30,30", "Center": "15,15" },
	"sonic_dropdash_mania_1":  { "File": "character_sonic_dropdash_mania.bmp", "Rect": "63,1,28,30", "Center": "14,15" },
	"sonic_dropdash_mania_2":  { "File": "character_sonic_dropdash_mania.bmp", "Rect": "32,1,30,30", "Center": "15,15" },
	"sonic_dropdash_mania_3":  { "File": "character_sonic_dropdash_mania.bmp", "Rect": "1,32,30,28", "Center": "15,14" },
	"sonic_dropdash_mania_4":  { "File": "character_sonic_dropdash_mania.bmp", "Rect": "1,1,30,30", "Center": "15,15" },
	"sonic_dropdash_mania_5":  { "File": "character_sonic_dropdash_mania.bmp", "Rect": "92,1,28,30", "Center": "14,15" },
	"sonic_dropdash_mania_6":  { "File": "character_sonic_dropdash_mania.bmp", "Rect": "32,1,30,30", "Center": "15,15" },
	"sonic_dropdash_mania_7":  { "File": "character_sonic_dropdash_mania.bmp", "Rect": "32,32,30,28", "Center": "15,14" },
	"sonic_dropdash_mania_8":  { "File": "character_sonic_dropdash_mania.bmp", "Rect": "1,1,30,30", "Center": "15,15" },
	"sonic_dropdash_mania_9":  { "File": "character_sonic_dropdash_mania.bmp", "Rect": "121,1,28,30", "Center": "14,15" },
	"sonic_dropdash_mania_10":  { "File": "character_sonic_dropdash_mania.bmp", "Rect": "32,1,30,30", "Center": "15,15" },
	"sonic_dropdash_mania_11":  { "File": "character_sonic_dropdash_mania.bmp", "Rect": "63,32,30,28", "Center": "15,14" },
	"sonic_dropdash_mania_12":  { "File": "character_sonic_dropdash_mania.bmp", "Rect": "1,1,30,30", "Center": "15,15" },
	"sonic_dropdash_mania_13":  { "File": "character_sonic_dropdash_mania.bmp", "Rect": "150,1,28,30", "Center": "14,15" },
	"sonic_dropdash_mania_14":  { "File": "character_sonic_dropdash_mania.bmp", "Rect": "32,1,30,30", "Center": "15,15" },
	"sonic_dropdash_mania_15":  { "File": "character_sonic_dropdash_mania.bmp", "Rect": "94,32,30,28", "Center": "15,14" }
}