{
	"global_dropdashdust_0":  { "File": "global_dropdashdust.bmp", "Rect": "0,0,0,0", "Center": "0,0" },
	"global_dropdashdust_1":  { "File": "global_dropdashdust.bmp", "Rect": "6,12,9,7", "Center": "9,-13" },
	"global_dropdashdust_2":  { "File": "global_dropdashdust.bmp", "Rect": "0,20,15,13", "Center": "16,-7" },
	"global_dropdashdust_3":  { "File": "global_dropdashdust.bmp", "Rect": "16,9,24,24", "Center": "22,4" },
	"global_dropdashdust_4":  { "File": "global_dropdashdust.bmp", "Rect": "41,3,27,30", "Center": "25,10" },
	"global_dropdashdust_5":  { "File": "global_dropdashdust.bmp", "Rect": "69,0,24,33", "Center": "26,16" },
	"global_dropdashdust_6":  { "File": "global_dropdashdust.bmp", "Rect": "94,1,25,32", "Center": "27,17" },
	"global_dropdashdust_7":  { "File": "global_dropdashdust.bmp", "Rect": "120,6,25,27", "Center": "27,19" },
	"global_dropdashdust_8":  { "File": "global_dropdashdust.bmp", "Rect": "146,8,26,25", "Center": "27,20" },
	"global_dropdashdust_9":  { "File": "global_dropdashdust.bmp", "Rect": "173,18,23,15", "Center": "26,20" },
	"global_dropdashdust_10":  { "File": "global_dropdashdust.bmp", "Rect": "173,7,22,10", "Center": "26,20" }
}