{
	"global_dropdashdust_mania_0":  { "File": "global_dropdashdust_mania.bmp", "Rect": "0,0,0,0", "Center": "0,0" },
	"global_dropdashdust_mania_1":  { "File": "global_dropdashdust_mania.bmp", "Rect": "1,1,17,16", "Center": "17,-4" },
	"global_dropdashdust_mania_2":  { "File": "global_dropdashdust_mania.bmp", "Rect": "1,18,28,22", "Center": "29,2" },
	"global_dropdashdust_mania_3":  { "File": "global_dropdashdust_mania.bmp", "Rect": "30,1,32,26", "Center": "30,6" },
	"global_dropdashdust_mania_4":  { "File": "global_dropdashdust_mania.bmp", "Rect": "63,1,32,30", "Center": "30,10" },
	"global_dropdashdust_mania_5":  { "File": "global_dropdashdust_mania.bmp", "Rect": "96,1,24,33", "Center": "26,16" },
	"global_dropdashdust_mania_6":  { "File": "global_dropdashdust_mania.bmp", "Rect": "121,1,25,32", "Center": "27,17" },
	"global_dropdashdust_mania_7":  { "File": "global_dropdashdust_mania.bmp", "Rect": "147,1,25,27", "Center": "27,19" },
	"global_dropdashdust_mania_8":  { "File": "global_dropdashdust_mania.bmp", "Rect": "173,1,26,25", "Center": "27,20" },
	"global_dropdashdust_mania_9":  { "File": "global_dropdashdust_mania.bmp", "Rect": "200,1,23,15", "Center": "26,20" },
	"global_dropdashdust_mania_10":  { "File": "global_dropdashdust_mania.bmp", "Rect": "224,1,22,10", "Center": "26,20" }
}