{
	"global_dropdashdust_origins_mania_0":  { "File": "global_dropdashdust_origins_mania.bmp", "Rect": "0,0,0,0", "Center": "0,0" },
	"global_dropdashdust_origins_mania_1":  { "File": "global_dropdashdust_origins_mania.bmp", "Rect": "1,1,32,25", "Center": "25,5" },
	"global_dropdashdust_origins_mania_2":  { "File": "global_dropdashdust_origins_mania.bmp", "Rect": "34,1,32,25", "Center": "25,5" },
	"global_dropdashdust_origins_mania_3":  { "File": "global_dropdashdust_origins_mania.bmp", "Rect": "67,1,32,25", "Center": "25,5" },
	"global_dropdashdust_origins_mania_4":  { "File": "global_dropdashdust_origins_mania.bmp", "Rect": "100,1,32,25", "Center": "25,5" },
	"global_dropdashdust_origins_mania_5":  { "File": "global_dropdashdust_origins_mania.bmp", "Rect": "133,1,32,25", "Center": "25,5" },
	"global_dropdashdust_origins_mania_6":  { "File": "global_dropdashdust_origins_mania.bmp", "Rect": "166,1,32,25", "Center": "25,5" },
	"global_dropdashdust_origins_mania_7":  { "File": "global_dropdashdust_origins_mania.bmp", "Rect": "199,1,32,25", "Center": "25,5" },
	"global_dropdashdust_origins_mania_8":  { "File": "global_dropdashdust_origins_mania.bmp", "Rect": "232,1,32,25", "Center": "25,5" },
	"global_dropdashdust_origins_mania_9":  { "File": "global_dropdashdust_origins_mania.bmp", "Rect": "1,27,32,25", "Center": "25,5" },
	"global_dropdashdust_origins_mania_10":  { "File": "global_dropdashdust_origins_mania.bmp", "Rect": "34,27,32,25", "Center": "25,5" },
	"global_dropdashdust_origins_mania_11":  { "File": "global_dropdashdust_origins_mania.bmp", "Rect": "67,27,32,25", "Center": "25,5" },
	"global_dropdashdust_origins_mania_12":  { "File": "global_dropdashdust_origins_mania.bmp", "Rect": "100,27,32,25", "Center": "25,5" },
	"global_dropdashdust_origins_mania_13":  { "File": "global_dropdashdust_origins_mania.bmp", "Rect": "133,27,32,25", "Center": "25,5" },
	"global_dropdashdust_origins_mania_14":  { "File": "global_dropdashdust_origins_mania.bmp", "Rect": "166,27,32,25", "Center": "25,5" },
	"global_dropdashdust_origins_mania_15":  { "File": "global_dropdashdust_origins_mania.bmp", "Rect": "199,27,32,25", "Center": "25,5" },
	"global_dropdashdust_origins_mania_16":  { "File": "global_dropdashdust_origins_mania.bmp", "Rect": "232,27,32,25", "Center": "25,5" }
}