{

	// ----- Health HUD ----- //

	// HUD texts
	"hud_text_health":	  { "File": "hud_health_sprites.png", "Rect": "0,0,46,12" },
	"hud_text_health_red":{ "File": "hud_health_sprites.png", "Rect": "0,0,1,1" },	// Empty pixel
	
	// Health Points
	"hud_health_sonic":	   { "File": "hud_health_sprites.png", "Rect":  "49,0,8,12" },
	"hud_health_tails":	   { "File": "hud_health_sprites.png", "Rect":  "57,0,8,12" },
	"hud_health_knuckles": { "File": "hud_health_sprites.png", "Rect":  "65,0,8,12" },

}
